username,email
Katarzyna Lewandowska,katarzyna.lewandowska@example.com
Marek Zielinski,marek.zielinski@example.com
ab,krzysztof.szymanski@example.com
???,pawel.wozniak@example.com
Agnieszka Dabrowska,agnieszka.dabrowska#example.com
Michal Kozlowski,michal.kozlowski-at-example.com
Ewa Jankowska,ewa.jankowska@example.com
Robert Mazur,robert.mazur@example.com
Ewa Jankowska,ewa.jankowska@example.com
Robert Mazur,robert.mazur@example.com
Anna Kowalska,anna.kowalska@example.com
Jan Nowak,jan.nowak@example.com
Magdalena Krawczyk,magdalena.krawczyk@example.com
Lukasz Piotrowski,lukasz.piotrowski@example.com
Joanna Grabowska,joanna.grabowska@example.com
